id,name_english,name_chinese,pinyin,key_characteristics,susceptibility_conditions,dietary_beneficial,dietary_avoid,lifestyle_rituals,herbal_teas_formulas
pinghe,Balanced Constitution,平和质,Pínghé Zhì,Vibrant complexion and rosy lips | Abundant energy and physical endurance | Normal appetite and smooth digestion | Good sleep quality and regular bowel movements | Adaptable to climate changes and emotionally balanced,Low overall disease susceptibility | Strong natural immunity and quick recovery from minor ailments,Whole grains | Seasonal fresh vegetables | Lean proteins | Varied balanced meals,Excessive raw or ice-cold foods | Overeating greasy or overly spicy foods,"Engage in regular moderate exercise such as jogging, swimming, or Tai Chi | Maintain a consistent sleep schedule (sleep before 11 PM) | Keep an optimistic and peaceful state of mind",Chrysanthemum & Goji Berry Tea | Mulberry Leaf Tea | Mild Green Tea
qixu,Qi-Deficiency Constitution,气虚质,Qìxū Zhì,Frequent fatigue and physical weakness | Shortness of breath or soft voice | Spontaneous sweating upon mild exertion | Pale tongue with thin white coating | Catching colds easily and slow physical recovery,"Frequent colds and flu | Chronic fatigue syndrome | Organ prolapse (e.g., stomach, uterus) | Allergic rhinitis",Astragalus (Huangqi) | Ginseng / Codonopsis | Chinese Yam | Red Dates (Jujube) | Chicken | Sweet Potato,"Raw, cold foods | Heavy cold salads | Overly bitter or draining foods like radish or hawthorn in large amounts","Practice gentle, non-exhausting exercise like Baduanjin, Qigong, or light walking | Avoid excessive sweating or extreme physical exertion | Ensure afternoon rest/naps and ample sleep",Sijunzi Tang (Four Gentlemen Decoction) | Yu Ping Feng San (Jade Windscreen Powder) | Huangqi & Red Date Tea
yangxu,Yang-Deficiency Constitution,阳虚质,Yángxū Zhì,"Cold limbs (hands and feet) and general cold intolerance | Preference for warm drinks and hot foods | Pale complexion and soft muscle tone | Clear, frequent urination (especially at night) | Loose stools or tendency towards morning diarrhea",Water retention and edema | Joint pain/stiffness aggravated by cold weather | Chronic diarrhea / colitis | Decreased libido or reproductive coldness,Mutton / Lamb | Fresh Ginger | Garlic | Cinnamon | Walnuts | Chives | Fennel,Ice-cold beverages | Raw cucumber | Watermelon | Cold-natured green teas,"Sunbathe the back to nourish the Du Meridian (Governor Vessel) | Soak feet in warm water with ginger before bedtime | Keep the lower back, abdomen, and ankles warm year-round",Shenqi Pill / Jin Kui Shen Qi Wan | Dried Ginger & Cinnamon Tea | Walnut & Red Date Porridge
yinxu,Yin-Deficiency Constitution,阴虚质,Yīnxū Zhì,"Warm palms and soles (Five-Center Heat) and warm body sensation | Dry mouth, dry throat, and frequent thirst | Dry skin, dry eyes, and chapped lips | Night sweats or flushed cheeks in the evening | Impatient, restless, or easily agitated temperament",Chronic insomnia and vivid dreaming | Dry eye syndrome | Chronic pharyngitis / dry cough | Constipation with dry stools,Lily Bulb (Baihe) | Snow Fungus (Tremella) | Pears | Black Sesame | Duck Meat | Goji Berries | Mulberries,Spicy chili peppers | Deep-fried foods | Warm spices like clove or star anise | Excessive alcohol,"Strictly avoid staying up late; prioritize sleeping before 11 PM to nourish Yin | Practice calming meditation, mindfulness, and Yin Yoga | Maintain ambient indoor humidity and avoid hot dry environments",Liuwei Dihuang Wan | Tremella & Lily Bulb Dessert Soup | Ophiopogon (Mai Dong) & Goji Tea
tan-shi,Phlegm-Dampness Constitution,痰湿质,Tánshī Zhì,"Abdominal obesity or soft fat accumulation | Oily facial skin and forehead | Sticky or sweet taste in mouth, chest tightness | Heavy, sluggish sensation in body and limbs | Thick white greasy tongue coating",Metabolic syndrome | Fatty liver disease | Hyperlipidemia (high cholesterol) | Type 2 diabetes and cardiovascular disease,Job's Tears (Coix Seed) | Red Beans (Chidou) | Poria (Fuling) | Winter Melon | White Radish | Celery | Mandarin Peel (Chenpi),Dairy products | Refined sugar and sweets | Deep-fried oily foods | Heavy alcohol,"Engage in long-duration moderate aerobic exercise (brisk walking, cycling) to sweat mildly | Avoid living in damp or air-conditioned environments for prolonged periods | Maintain active movement throughout the workday",Erchen Tang | Pingwei San | Chenpi & Poria Tea | Coix Seed & Red Bean Water
shi-re,Damp-Heat Constitution,湿热质,Shīrè Zhì,"Oily skin prone to acne and breakouts | Bitter or sticky taste in the mouth | Feeling of heaviness in body and irritable temper | Foul-smelling, sticky stools or incomplete evacuation | Short, dark/yellow urination and yellow greasy tongue coating","Severe facial acne, eczema, or dermatitis | Urinary tract infections (UTI) | Cholecystitis and gallstones | Hemorrhoids and pelvic inflammation",Mung Beans | Cucumber | Bitter Melon | Lotus Root | Watercress | Barley | Dandelion,Spicy hotpot | Fried chicken and barbecued meats | High-proof spirits | Tropical fruits like durian or mango in excess,"Perform high-intensity cardio sports (swimming, basketball, running) to discharge heat and dampness | Ensure proper skin cleansing and hygiene | Avoid hot, humid, or poorly ventilated places",Longdan Xiegan Tang | Mung Bean & Lotus Leaf Tea | Dandelion & Corn Silk Tea
xue-yu,Blood-Stasis Constitution,血瘀质,Xuèyū Zhì,"Dull, dark, or maculated complexion | Dark purple lips and tongue (often with purple stasis spots) | Hyperpigmentation, dark eye circles, or visible varicose veins | Bruising easily and tendency for localized sharp pain | Forgetful or prone to dry, scaly skin",Dysmenorrhea and uterine fibroids | Angina and coronary heart disease | Stroke and vascular thrombosis | Chronic pain disorders,Hawthorn Berry (Shanzha) | Black Fungus | Rose Petals | Saffron | Aged Vinegar | Peach Kernel | Garlic,Cold beverages and raw foods (which cause vascular constriction) | Excessive saturated fats,"Maintain active daily blood circulation through dance, aerobic exercise, or gymnastics | Keep body warm and protect against cold winds | Practice full-body stretching (Yoga, Ba Duan Jin)",Taohong Siwu Tang | Xuefu Zhuyu Tang | Hawthorn & Rose Tea | Dan Shen (Salvia) Tea
qi-yu,Qi-Stagnation Constitution,气郁质,Qìyù Zhì,"Frequent moodiness, melancholy, or anxiety | Tendency to sigh deeply to relieve chest oppression | Fullness/distension in the chest, ribcage, or hypochondrium | Plum-pit sensation in the throat (globus hystericus) | Irregular sleep, vivid dreams, or PMS symptoms",Depression and generalized anxiety disorders | Insomnia | Fibrocystic breast disease and thyroid nodules | Irritable Bowel Syndrome (IBS),Jasmine Flowers | Rose Tea | Citrus Peel / Orange | Fennel | Buckwheat | Radish | Peppermint,"Heavy, hard-to-digest sticky rice foods | Excessive caffeine or alcohol which destabilize nerves","Participate in social events, group travel, and outdoor nature walks | Listen to relaxing or uplifting music and practice singing or vocal expression | Engage in deep abdominal breathing and emotional journaling",Xiao Yao San (Free and Easy Wanderer) | Banxia Houpo Tang | Jasmine & Rose Bud Tea | Dried Citrus & Peppermint Tea
te-bing,Special / Allergic Constitution,特禀质,Tèbǐng Zhì,"Congenital sensitivity or genetic allergic predisposition | Frequent sneezing, runny nose, skin hives, or asthma attacks | Hypersensitivity to drugs, foods, pollen, or environmental changes | Dermatographism (skin easily marks or red hives appear when scratched)",Allergic rhinitis (hay fever) | Bronchial asthma | Atopic dermatitis / eczema | Urticaria (hives) and severe food/drug allergies,"Astragalus | Chinese Yam | Tremella | Clean, bland, fresh foods","Known food allergens (seafood, shellfish, nuts) | Spicy or pungent seasonings | Game meats and shellfish | Processed foods with artificial additives","Avoid exposure to seasonal pollen, dust mites, pet dander, and mold | Keep living quarters clean, well-ventilated, and allergen-free | Maintain stable daily rhythms and avoid sudden temperature extremes",Yu Ping Feng San (Jade Windscreen) | Guizhi Tang variations | Astragalus & Licorice Tea
